233,3750.0,false, ,false, ,PROCESS_STARTED,vitamin a:null|uric acid:null|vitamin b2:null,ema,20.08.2020., , , ,IMMUNOCHEMISTRY|BIOCHEMISTRY
504,5550.0,false, ,false, ,PROCESS_STARTED,calcium:null|gluten:null|uric acid:null,ema,24.08.2020., , , ,BIOCHEMISTRY|ALERGOLOGY
760,8040.0,true,27.08.2020.,true,09:58,PROCESSING,LDL cholesterol:null|cacao:null|gluten:null|bee:null|proteins:null,ema,27.07.2020., ,t, ,ALERGOLOGY|BIOCHEMISTRY
141,7290.0,false, ,false, ,PROCESS_STARTED,covid-19 test:null|LDL cholesterol:null|uric acid:null,fifi,27.08.2020., , , ,BIOCHEMISTRY
224,2080.0,true,27.08.2020.,false, ,PROCESS_STARTED,erythrocytes RBC:null|vitamin b2:null,bubili,27.08.2020., , , ,HEMATOLOGY|IMMUNOCHEMISTRY
121,1560.0,false, ,false, ,PROCESS_STARTED,LDL cholesterol:null|erythrocyte sedimentation:null|glucose:null|proteins:null,nina,17.08.2020., , , ,BIOCHEMISTRY|HEMATOLOGY
257,5900.0,false, ,false, ,PROCESS_STARTED,calcium:null|cacao:null|mites allergy:null|glucose:null,nina,27.07.2020., , , ,ALERGOLOGY|BIOCHEMISTRY
135,2100.0,false, ,false, ,PROCESSING,calcium:null|glucose:null,nina,27.07.2020., ,m, ,BIOCHEMISTRY
915,2410.0,false, ,false, ,PROCESS_STARTED,erythrocyte sedimentation:null|penicilin:null|calcium:null,miki,12.08.2020., , , ,DRUGS|BIOCHEMISTRY|HEMATOLOGY
3,7670.0,false, ,false, ,SAMPLE_TAKING,covid-19 test:null|LDL cholesterol:null|HDL cholesterol:null|penicilin:null|glucose:null,maja,22.08.2020., ,m, ,BIOCHEMISTRY|DRUGS
552,7719.0,true,27.08.2020.,false, ,FINISHED_REPORT,vitamin a:38.68|vitamin k:3.34|vitamin b2:11.54|vitamin b6:13.67|vitamin d:4.44|vitamin c:2.24,miki,20.08.2020.,27.08.2020.,m,IMMUNOCHEMISTRY:c, 
941,11150.0,true,27.08.2020.,false, ,PROCESSING,covid-19 test:0.03|cacao:null|uric acid:null|mites allergy:0.62|glucose:null,fifi,13.08.2020., ,t, ,ALERGOLOGY|BIOCHEMISTRY
788,3540.0,true,27.08.2020.,false, ,FINISHED_REPORT,hemoglobin HGB:192.44|vitamin k:8.53|vitamin b2:5.46|vitamin c:1.39,bubili,24.08.2020.,27.08.2020.,m,IMMUNOCHEMISTRY:c|HEMATOLOGY:c, 
926,3590.0,false, ,false, ,FINISHED_REPORT,hemoglobin HGB:182.57|uric acid:3.4|vitamin a:44.47|vitamin k:5.06|vitamin b2:15.15,bubili,27.08.2020.,27.08.2020.,m,IMMUNOCHEMISTRY:c|BIOCHEMISTRY:c|HEMATOLOGY:c, 
